Workbook

Sheet Assumptions
A1: Assumptions (yellow cells = edit these)
A3: Assumption | B3: Value | C3: Source / note
A4: Electricity price incl. GST (A$/kWh) | B4: 0.3214 | C4: Electricity bill: rate from 29 Jun 2026, $0.2922 excl. GST × 1.1. Supply charge and rebate excluded.
A5: AUD per 1 USD | B5: 1.5 | C5: Approximate. Check the actual rate on the day you post.
A6: Same model rented: output (US$/M tokens) | B6: 0.8 | C6: Qwen3-Coder-Next, cheapest provider (Parasail) on OpenRouter, per aireleasetracker.com, Oct 2026.
A7: Same model rented: input (US$/M tokens) | B7: 0.12 | C7: Same source and provider as above.
A8: Claude Haiku 4.5: output (US$/M tokens) | B8: 5 | C8: Same class on SWE-bench Verified (73.3% vs 70.6%), per aireleasetracker.com.
A9: Claude Haiku 4.5: input (US$/M tokens) | B9: 1 | C9: Same source.
A10: Tokens per unit | B10: 1000000 | C10: All costs are per million tokens.
A11: Idle, ODS stopped (W) | B11: 80.5 | C11: Wall meter, most consistent reading, 18 Oct 2026.
A12: Household average (kWh/day) | B12: 12.72 | C12: Electricity bill, 26 May – 20 Aug 2026.

Sheet Measurements
A1: Measurements: Qwen3-Coder-Next 80B Q6_K, 3× R9700, llama.cpp b8763, ROCm 7.2 (18 Oct 2026)
A3: Test | B3: What it measures | C3: Speed (tokens/s) | D3: Watts low | E3: Watts high | F3: Watts used | G3: Runs | H3: Note
A4: Idle (ODS stopped) | B4: Rig on, doing nothing | D4: 80.5 | E4: 80.5 | F4: =AVERAGE(D4:E4) -> 80.5 | H4: Most consistent reading over 2 min
A5: Generation only (llama-bench tg2048) | B5: Writing tokens | C5: 54.65 | D5: 425 | E5: 440 | F5: =AVERAGE(D5:E5) -> 432.5 | G5: 5 | H5: ±0.01 t/s; steady watts after the ~30 s load
A6: Long prompts only (llama-bench pp4096) | B6: Reading tokens | C6: =AVERAGE(2372.66,2359.71) -> 2366.185 | D6: 710 | E6: 886 | F6: =AVERAGE(D6:E6) -> 798 | G6: 20 | H6: Two sets of 10 runs: 2372.66 and 2359.71 t/s; ~40 s, very spiky
A7: Through ODS / Lemonade (real prompt) | B7: Writing tokens, real use | C7: 21.02 | D7: 267 | E7: 267 | F7: =AVERAGE(D7:E7) -> 267 | G7: 1 | H7: 1,500-token coding prompt; peak 382 W; rerun ×3 still to do
A9: Peak at the wall (any test) | B9: 886 | C9: W, during long-prompt processing
A10: Wall meter: Powertech MS6108 (±1.5%), rig only, readings by Sam from video.

Sheet Cost per million tokens
A1: Cost per million tokens: electricity only, one request at a time
A3: Setup | B3: Speed (tokens/s) | C3: Watts | D3: Hours per million | E3: kWh per million | F3: A$ per million | G3: US$ per million | H3: Note
A4: WRITING (output tokens)
A5: My rig, raw engine | B5: =Measurements!C5 -> 54.65 | C5: =Measurements!F5 -> 432.5 | D5: =IFERROR(Assumptions!$B$10/B5/3600,"") -> 5.0828505 | E5: =IFERROR(C5/1000*D5,"") -> 2.1983328 | F5: =IFERROR(E5*Assumptions!$B$4,"") -> 0.70654417 | G5: =IFERROR(F5/Assumptions!$B$5,"") -> 0.47102945 | H5: llama-bench, steady 425–440 W
A6: My rig, through ODS | B6: =Measurements!C7 -> 21.02 | C6: =Measurements!F7 -> 267 | D6: =IFERROR(Assumptions!$B$10/B6/3600,"") -> 13.214928 | E6: =IFERROR(C6/1000*D6,"") -> 3.5283857 | F6: =IFERROR(E6*Assumptions!$B$4,"") -> 1.1340232 | G6: =IFERROR(F6/Assumptions!$B$5,"") -> 0.75601544 | H6: Same model, same cards: 2.6× slower
A7: Same model, rented | F7: =G7*Assumptions!$B$5 -> 1.2 | G7: =Assumptions!B6 -> 0.8 | H7: Cheapest provider
A8: Claude Haiku 4.5 | F8: =G8*Assumptions!$B$5 -> 7.5 | G8: =Assumptions!B8 -> 5 | H8: Same class on coding benchmark
A10: READING (input tokens)
A11: My rig, raw engine | B11: =Measurements!C6 -> 2366.185 | C11: =Measurements!F6 -> 798 | D11: =IFERROR(Assumptions!$B$10/B11/3600,"") -> 0.11739478 | E11: =IFERROR(C11/1000*D11,"") -> 0.093681038 | F11: =IFERROR(E11*Assumptions!$B$4,"") -> 0.030109086 | G11: =IFERROR(F11/Assumptions!$B$5,"") -> 0.020072724 | H11: llama-bench pp4096, 710–886 W
A12: Same model, rented | F12: =G12*Assumptions!$B$5 -> 0.18 | G12: =Assumptions!B7 -> 0.12 | H12: Cheapest provider
A13: Claude Haiku 4.5 | F13: =G13*Assumptions!$B$5 -> 1.5 | G13: =Assumptions!B9 -> 1
A15: Key ratios
A16: Raw engine vs ODS speed | B16: =B5/B6 -> 2.5999049 | C16: faster without ODS
A17: Renting vs my rig, writing | B17: =F7/F5 -> 1.6984076 | C17: renting costs this many times my electricity
A18: Haiku vs my rig, writing | B18: =F8/F5 -> 10.615048
A19: Renting vs my rig, reading | B19: =F12/F11 -> 5.9782619
A20: Haiku vs my rig, reading | B20: =F13/F11 -> 49.818849
A22: Idle cost if left on 24/7 (ODS stopped) | B22: =Assumptions!B11*24/1000*Assumptions!B4*30 -> 18.628344 | C22: per month
A23: Idle share of household power | B23: =Assumptions!B11*24/1000/Assumptions!B12 -> 0.15188679
A25: Electricity only. Hardware cost is not included, and once it is, the cloud wins. One request at a time; cloud providers batch many users per GPU.
